Bundle,BundleCode,PricingMode,Feature,DisplayType,MinSelections,MaxSelections,SortOrder,ProductCode,ProductName,Quantity,MinQty,MaxQty,Default,Required,PricingRole,InclusionReason,QuantityRule,Multiplier,Requires,Excludes,Message
Acme Starter Pack,BDL-ACME-STARTER,RollUp,Edition,Radio,1,1,10,CMP-EDITION-STARTER,Edition — Starter,1,1,,Y,,Priced,,Static,,,,
Acme Starter Pack,,,Edition,,,,,CMP-EDITION-PROFESSIONAL,Edition — Professional,1,1,,N,,Priced,,Static,,,,
Acme Starter Pack,,,Edition,,,,,CMP-EDITION-ENTERPRISE,Edition — Enterprise,1,1,,N,,Priced,,Static,,,,
Acme Starter Pack,,,Add-ons,Checkbox,0,,20,CMP-ADVANCED-ANALYTICS,Advanced Analytics,1,1,,N,,Priced,,Match with Parent,1,Edition — Enterprise,,Advanced Analytics needs the Enterprise edition.
Acme Starter Pack,,,Add-ons,,,,,CMP-API-GATEWAY,API Gateway,1,1,,N,,Priced,,Match with Parent,1,,,
Acme Starter Pack,,,Add-ons,,,,,CMP-PREMIUM-SUPPORT,Premium Support,1,1,,N,Y,Priced,,Static,,,,
Acme Starter Pack,,,Storage,Checkbox,0,2,30,CMP-EXTRA-STORAGE-1TB,Extra Storage 1TB,1,1,10,N,,Priced,,Static,,,,
Acme Starter Pack,,,Storage,,,,,CMP-ARCHIVE-STORAGE,Archive Storage,1,1,,N,,Priced,,Static,,Extra Storage 1TB,,Archive Storage requires Extra Storage 1TB.
,,,,,,,,,,,,,,,,,,,,,
Acme Essentials Pack,BDL-ACME-ESSENTIALS,HeaderPriced,What is in it,Checkbox,3,3,10,CMP-EDITION-PROFESSIONAL,Edition — Professional,1,1,,Y,,Included,Included,Static,,,,
Acme Essentials Pack,,,What is in it,,,,,CMP-API-GATEWAY,API Gateway,1,1,,Y,,Included,Included,Static,,,,
Acme Essentials Pack,,,What is in it,,,,,CMP-PREMIUM-SUPPORT,Premium Support,1,1,,Y,,Included,Promotional,Static,,,,
,,,,,,,,,,,,,,,,,,,,,
"HOW TO USE THIS FILE",,,,,,,,,,,,,,,,,,,,,
"One row per OPTION. Repeat the Bundle name on every row, or merge the cell — either works.",,,,,,,,,,,,,,,,,,,,,
"Put the feature settings (DisplayType, Min/MaxSelections, SortOrder) on the FIRST row of each feature only.",,,,,,,,,,,,,,,,,,,,,
"The second bundle above shows a fixed-price bundle. Both are valid; pick the one that matches how the bundle is sold.",,,,,,,,,,,,,,,,,,,,,
,,,,,,,,,,,,,,,,,,,,,
"COLUMN REFERENCE",,,,,,,,,,,,,,,,,,,,,
"Bundle","The bundle name. Repeat it on every row of that bundle.",,,,,,,,,,,,,,,,,,,,
"BundleCode","Product code for the bundle itself. First row only.",,,,,,,,,,,,,,,,,,,,
"PricingMode","RollUp | HeaderPriced | Mixed. First row only. Blank means RollUp — see below.",,,,,,,,,,,,,,,,,,,,
"Feature","The heading the rep sees. Repeat it for every option in that feature.",,,,,,,,,,,,,,,,,,,,
"ProductCode","The safest way to name a product. An exact code beats an exact name.",,,,,,,,,,,,,,,,,,,,
"ProductName","Used when there is no code. Must match EXACTLY — a partial match is refused, not guessed.",,,,,,,,,,,,,,,,,,,,
"DisplayType","Radio | Checkbox | Dropdown. Radio and Dropdown return ONE selection and need a Default.",,,,,,,,,,,,,,,,,,,,
"MinSelections","How many the rep must pick. 0 means the whole feature is optional.",,,,,,,,,,,,,,,,,,,,
"MaxSelections","How many the rep may pick. Blank means no cap. MUST be 1 for Radio and Dropdown.",,,,,,,,,,,,,,,,,,,,
"Default","Y = selected when the bundle opens. A Radio feature with MinSelections 1 and no Default is an ERROR.",,,,,,,,,,,,,,,,,,,,
"Required","Y = the rep cannot remove this option once the feature is in play.",,,,,,,,,,,,,,,,,,,,
"PricingRole","Priced | Included | Informational. Blank means Priced.",,,,,,,,,,,,,,,,,,,,
"InclusionReason","Included | Promotional | ZeroRated | Trial. Only meaningful when PricingRole is Included or Informational.",,,,,,,,,,,,,,,,,,,,
"QuantityRule","Static | Match with Parent | Variable | Match with Other Option. Blank means Static.",,,,,,,,,,,,,,,,,,,,
"Multiplier","Used with Match with Parent / Match with Other Option. 4 = four of these per one of that.",,,,,,,,,,,,,,,,,,,,
"Requires","Product name or code of an option in THIS bundle that must also be selected.",,,,,,,,,,,,,,,,,,,,
"Excludes","Product name or code of an option in THIS bundle that must NOT be selected alongside.",,,,,,,,,,,,,,,,,,,,
"Message","What the rep is shown when a Requires/Excludes rule blocks them. Leave blank and they get blocked with no explanation.",,,,,,,,,,,,,,,,,,,,
,,,,,,,,,,,,,,,,,,,,,
"HOW THE BUNDLE IS PRICED",,,,,,,,,,,,,,,,,,,,,
"RollUp — each option carries its own price and the total is their sum. This is the default and is right most of the time.",,,,,,,,,,,,,,,,,,,,,
"HeaderPriced — the bundle has ONE price. Mark every option Included, or the customer pays twice.",,,,,,,,,,,,,,,,,,,,,
"Mixed — the bundle has a base price AND some options charge on top. Mark those Priced and the rest Included.",,,,,,,,,,,,,,,,,,,,,
"Leave PricingMode blank if you are unsure. RollUp is how every bundle behaved before this column existed.",,,,,,,,,,,,,,,,,,,,,
,,,,,,,,,,,,,,,,,,,,,
"YOU DO NOT HAVE TO USE THESE HEADERS",,,,,,,,,,,,,,,,,,,,,
"The agent infers whatever columns your sheet has and shows you its mapping before building anything. This file is the happy path, not a requirement.",,,,,,,,,,,,,,,,,,,,,
